[
  {
    "Code": "AF",
    "Image": "https://countryflagsapi.com/PNG/AF",
    "Name": "Afghanistan"
  },
  {
    "Code": "AX",
    "Image": "https://countryflagsapi.com/PNG/AX",
    "Name": "land Islands"
  },
  {
    "Code": "AL",
    "Image": "https://countryflagsapi.com/PNG/AL",
    "Name": "Albania"
  },
  {
    "Code": "DZ",
    "Image": "https://countryflagsapi.com/PNG/DZ",
    "Name": "Algeria"
  },
  {
    "Code": "AS",
    "Image": "https://countryflagsapi.com/PNG/AS",
    "Name": "American Samoa"
  },
  {
    "Code": "AD",
    "Image": "https://countryflagsapi.com/PNG/AD",
    "Name": "Andorra"
  },
  {
    "Code": "AO",
    "Image": "https://countryflagsapi.com/PNG/AO",
    "Name": "Angola"
  },
  {
    "Code": "AI",
    "Image": "https://countryflagsapi.com/PNG/AI",
    "Name": "Anguilla"
  },
  {
    "Code": "AQ",
    "Image": "https://countryflagsapi.com/PNG/AQ",
    "Name": "Antarctica"
  },
  {
    "Code": "AG",
    "Image": "https://countryflagsapi.com/PNG/AG",
    "Name": "Antigua and Barbuda"
  },
  {
    "Code": "AR",
    "Image": "https://countryflagsapi.com/PNG/AR",
    "Name": "Argentina"
  },
  {
    "Code": "AM",
    "Image": "https://countryflagsapi.com/PNG/AM",
    "Name": "Armenia"
  },
  {
    "Code": "AW",
    "Image": "https://countryflagsapi.com/PNG/AW",
    "Name": "Aruba"
  },
  {
    "Code": "AU",
    "Image": "https://countryflagsapi.com/PNG/AU",
    "Name": "Australia"
  },
  {
    "Code": "AT",
    "Image": "https://countryflagsapi.com/PNG/AT",
    "Name": "Austria"
  },
  {
    "Code": "AZ",
    "Image": "https://countryflagsapi.com/PNG/AZ",
    "Name": "Azerbaijan"
  },
  {
    "Code": "BS",
    "Image": "https://countryflagsapi.com/PNG/BS",
    "Name": "Bahamas"
  },
  {
    "Code": "BH",
    "Image": "https://countryflagsapi.com/PNG/BH",
    "Name": "Bahrain"
  },
  {
    "Code": "BD",
    "Image": "https://countryflagsapi.com/PNG/BD",
    "Name": "Bangladesh"
  },
  {
    "Code": "BB",
    "Image": "https://countryflagsapi.com/PNG/BB",
    "Name": "Barbados"
  },
  {
    "Code": "BY",
    "Image": "https://countryflagsapi.com/PNG/BY",
    "Name": "Belarus"
  },
  {
    "Code": "BE",
    "Image": "https://countryflagsapi.com/PNG/BE",
    "Name": "Belgium"
  },
  {
    "Code": "BZ",
    "Image": "https://countryflagsapi.com/PNG/BZ",
    "Name": "Belize"
  },
  {
    "Code": "BJ",
    "Image": "https://countryflagsapi.com/PNG/BJ",
    "Name": "Benin"
  },
  {
    "Code": "BM",
    "Image": "https://countryflagsapi.com/PNG/BM",
    "Name": "Bermuda"
  },
  {
    "Code": "BT",
    "Image": "https://countryflagsapi.com/PNG/BT",
    "Name": "Bhutan"
  },
  {
    "Code": "BO",
    "Image": "https://countryflagsapi.com/PNG/BO",
    "Name": "Bolivia"
  },
  {
    "Code": "BA",
    "Image": "https://countryflagsapi.com/PNG/BA",
    "Name": "Bosnia and Herzegovina"
  },
  {
    "Code": "BW",
    "Image": "https://countryflagsapi.com/PNG/BW",
    "Name": "Botswana"
  },
  {
    "Code": "BV",
    "Image": "https://countryflagsapi.com/PNG/BV",
    "Name": "Bouvet Island"
  },
  {
    "Code": "BR",
    "Image": "https://countryflagsapi.com/PNG/BR",
    "Name": "Brazil"
  },
  {
    "Code": "IO",
    "Image": "https://countryflagsapi.com/PNG/IO",
    "Name": "British Indian"
  },
  {
    "Code": "BN",
    "Image": "https://countryflagsapi.com/PNG/BN",
    "Name": "Brunei Darussalam"
  },
  {
    "Code": "BG",
    "Image": "https://countryflagsapi.com/PNG/BG",
    "Name": "Bulgaria"
  },
  {
    "Code": "BF",
    "Image": "https://countryflagsapi.com/PNG/BF",
    "Name": "Burkina Faso"
  },
  {
    "Code": "BI",
    "Image": "https://countryflagsapi.com/PNG/BI",
    "Name": "Burundi"
  },
  {
    "Code": "KH",
    "Image": "https://countryflagsapi.com/PNG/KH",
    "Name": "Cambodia"
  },
  {
    "Code": "CM",
    "Image": "https://countryflagsapi.com/PNG/CM",
    "Name": "Cameroon"
  },
  {
    "Code": "CA",
    "Image": "https://countryflagsapi.com/PNG/CA",
    "Name": "Canada"
  },
  {
    "Code": "CV",
    "Image": "https://countryflagsapi.com/PNG/CV",
    "Name": "Cape Verde"
  },
  {
    "Code": "KY",
    "Image": "https://countryflagsapi.com/PNG/KY",
    "Name": "Cayman Islands"
  },
  {
    "Code": "CF",
    "Image": "https://countryflagsapi.com/PNG/CF",
    "Name": "Central African Republic"
  },
  {
    "Code": "TD",
    "Image": "https://countryflagsapi.com/PNG/TD",
    "Name": "Chad"
  },
  {
    "Code": "CL",
    "Image": "https://countryflagsapi.com/PNG/CL",
    "Name": "Chile"
  },
  {
    "Code": "CN",
    "Image": "https://countryflagsapi.com/PNG/CN",
    "Name": "China"
  },
  {
    "Code": "CX",
    "Image": "https://countryflagsapi.com/PNG/CX",
    "Name": "Christmas Island"
  },
  {
    "Code": "CC",
    "Image": "https://countryflagsapi.com/PNG/CC",
    "Name": "Cocos (Keeling) Islands"
  },
  {
    "Code": "CO",
    "Image": "https://countryflagsapi.com/PNG/CO",
    "Name": "Colombia"
  },
  {
    "Code": "KM",
    "Image": "https://countryflagsapi.com/PNG/KM",
    "Name": "Comoros"
  },
  {
    "Code": "CG",
    "Image": "https://countryflagsapi.com/PNG/CG",
    "Name": "Congo"
  },
  {
    "Code": "CD",
    "Image": "https://countryflagsapi.com/PNG/CD",
    "Name": "Congo"
  },
  {
    "Code": "CK",
    "Image": "https://countryflagsapi.com/PNG/CK",
    "Name": "Cook Islands"
  },
  {
    "Code": "CR",
    "Image": "https://countryflagsapi.com/PNG/CR",
    "Name": "Costa Rica"
  },
  {
    "Code": "HR",
    "Image": "https://countryflagsapi.com/PNG/HR",
    "Name": "Croatia"
  },
  {
    "Code": "CU",
    "Image": "https://countryflagsapi.com/PNG/CU",
    "Name": "Cuba"
  },
  {
    "Code": "CW",
    "Image": "https://countryflagsapi.com/PNG/CW",
    "Name": "Cura"
  },
  {
    "Code": "CY",
    "Image": "https://countryflagsapi.com/PNG/CY",
    "Name": "Cyprus"
  },
  {
    "Code": "CZ",
    "Image": "https://countryflagsapi.com/PNG/CZ",
    "Name": "Czech Republic"
  },
  {
    "Code": "DK",
    "Image": "https://countryflagsapi.com/PNG/DK",
    "Name": "Denmark"
  },
  {
    "Code": "DJ",
    "Image": "https://countryflagsapi.com/PNG/DJ",
    "Name": "Djibouti"
  },
  {
    "Code": "DM",
    "Image": "https://countryflagsapi.com/PNG/DM",
    "Name": "Dominica"
  },
  {
    "Code": "DO",
    "Image": "https://countryflagsapi.com/PNG/DO",
    "Name": "Dominican Republic"
  },
  {
    "Code": "EC",
    "Image": "https://countryflagsapi.com/PNG/EC",
    "Name": "Ecuador"
  },
  {
    "Code": "EG",
    "Image": "https://countryflagsapi.com/PNG/EG",
    "Name": "Egypt"
  },
  {
    "Code": "SV",
    "Image": "https://countryflagsapi.com/PNG/SV",
    "Name": "El Salvador"
  },
  {
    "Code": "GQ",
    "Image": "https://countryflagsapi.com/PNG/GQ",
    "Name": "Equatorial Guinea"
  },
  {
    "Code": "ER",
    "Image": "https://countryflagsapi.com/PNG/ER",
    "Name": "Eritrea"
  },
  {
    "Code": "EE",
    "Image": "https://countryflagsapi.com/PNG/EE",
    "Name": "Estonia"
  },
  {
    "Code": "ET",
    "Image": "https://countryflagsapi.com/PNG/ET",
    "Name": "Ethiopia"
  },
  {
    "Code": "FK",
    "Image": "https://countryflagsapi.com/PNG/FK",
    "Name": "Falkland Islands "
  },
  {
    "Code": "FO",
    "Image": "https://countryflagsapi.com/PNG/FO",
    "Name": "Faroe Islands"
  },
  {
    "Code": "FJ",
    "Image": "https://countryflagsapi.com/PNG/FJ",
    "Name": "Fiji"
  },
  {
    "Code": "FI",
    "Image": "https://countryflagsapi.com/PNG/FI",
    "Name": "Finland"
  },
  {
    "Code": "FR",
    "Image": "https://countryflagsapi.com/PNG/FR",
    "Name": "France"
  },
  {
    "Code": "GF",
    "Image": "https://countryflagsapi.com/PNG/GF",
    "Name": "French Guiana"
  },
  {
    "Code": "PF",
    "Image": "https://countryflagsapi.com/PNG/PF",
    "Name": "French Polynesia"
  },
  {
    "Code": "TF",
    "Image": "https://countryflagsapi.com/PNG/TF",
    "Name": "French Territories"
  },
  {
    "Code": "GA",
    "Image": "https://countryflagsapi.com/PNG/GA",
    "Name": "Gabon"
  },
  {
    "Code": "GM",
    "Image": "https://countryflagsapi.com/PNG/GM",
    "Name": "Gambia"
  },
  {
    "Code": "GE",
    "Image": "https://countryflagsapi.com/PNG/GE",
    "Name": "Georgia"
  },
  {
    "Code": "DE",
    "Image": "https://countryflagsapi.com/PNG/DE",
    "Name": "Germany"
  },
  {
    "Code": "GH",
    "Image": "https://countryflagsapi.com/PNG/GH",
    "Name": "Ghana"
  },
  {
    "Code": "GI",
    "Image": "https://countryflagsapi.com/PNG/GI",
    "Name": "Gibraltar"
  },
  {
    "Code": "GR",
    "Image": "https://countryflagsapi.com/PNG/GR",
    "Name": "Greece"
  },
  {
    "Code": "GL",
    "Image": "https://countryflagsapi.com/PNG/GL",
    "Name": "Greenland"
  },
  {
    "Code": "GD",
    "Image": "https://countryflagsapi.com/PNG/GD",
    "Name": "Grenada"
  },
  {
    "Code": "GP",
    "Image": "https://countryflagsapi.com/PNG/GP",
    "Name": "Guadeloupe"
  },
  {
    "Code": "GU",
    "Image": "https://countryflagsapi.com/PNG/GU",
    "Name": "Guam"
  },
  {
    "Code": "GT",
    "Image": "https://countryflagsapi.com/PNG/GT",
    "Name": "Guatemala"
  },
  {
    "Code": "GG",
    "Image": "https://countryflagsapi.com/PNG/GG",
    "Name": "Guernsey"
  },
  {
    "Code": "GN",
    "Image": "https://countryflagsapi.com/PNG/GN",
    "Name": "Guinea"
  },
  {
    "Code": "GW",
    "Image": "https://countryflagsapi.com/PNG/GW",
    "Name": "Guinea-Bissau"
  },
  {
    "Code": "GY",
    "Image": "https://countryflagsapi.com/PNG/GY",
    "Name": "Guyana"
  },
  {
    "Code": "HT",
    "Image": "https://countryflagsapi.com/PNG/HT",
    "Name": "Haiti"
  },
  {
    "Code": "HM",
    "Image": "https://countryflagsapi.com/PNG/HM",
    "Name": "Heard Island"
  },
  {
    "Code": "VA",
    "Image": "https://countryflagsapi.com/PNG/VA",
    "Name": "Holy See"
  },
  {
    "Code": "HN",
    "Image": "https://countryflagsapi.com/PNG/HN",
    "Name": "Honduras"
  },
  {
    "Code": "HK",
    "Image": "https://countryflagsapi.com/PNG/HK",
    "Name": "Hong Kong"
  },
  {
    "Code": "HU",
    "Image": "https://countryflagsapi.com/PNG/HU",
    "Name": "Hungary"
  },
  {
    "Code": "IS",
    "Image": "https://countryflagsapi.com/PNG/IS",
    "Name": "Iceland"
  },
  {
    "Code": "IN",
    "Image": "https://countryflagsapi.com/PNG/IN",
    "Name": "India"
  },
  {
    "Code": "ID",
    "Image": "https://countryflagsapi.com/PNG/ID",
    "Name": "Indonesia"
  },
  {
    "Code": "IR",
    "Image": "https://countryflagsapi.com/PNG/IR",
    "Name": "Iran"
  },
  {
    "Code": "IQ",
    "Image": "https://countryflagsapi.com/PNG/IQ",
    "Name": "Iraq"
  },
  {
    "Code": "IE",
    "Image": "https://countryflagsapi.com/PNG/IE",
    "Name": "Ireland"
  },
  {
    "Code": "IM",
    "Image": "https://countryflagsapi.com/PNG/IM",
    "Name": "Isle of Man"
  },
  {
    "Code": "IL",
    "Image": "https://countryflagsapi.com/PNG/IL",
    "Name": "Israel"
  },
  {
    "Code": "IT",
    "Image": "https://countryflagsapi.com/PNG/IT",
    "Name": "Italy"
  },
  {
    "Code": "JM",
    "Image": "https://countryflagsapi.com/PNG/JM",
    "Name": "Jamaica"
  },
  {
    "Code": "JP",
    "Image": "https://countryflagsapi.com/PNG/JP",
    "Name": "Japan"
  },
  {
    "Code": "JE",
    "Image": "https://countryflagsapi.com/PNG/JE",
    "Name": "Jersey"
  },
  {
    "Code": "JO",
    "Image": "https://countryflagsapi.com/PNG/JO",
    "Name": "Jordan"
  },
  {
    "Code": "KZ",
    "Image": "https://countryflagsapi.com/PNG/KZ",
    "Name": "Kazakhstan"
  },
  {
    "Code": "KE",
    "Image": "https://countryflagsapi.com/PNG/KE",
    "Name": "Kenya"
  },
  {
    "Code": "KI",
    "Image": "https://countryflagsapi.com/PNG/KI",
    "Name": "Kiribati"
  },
  {
    "Code": "KP",
    "Image": "https://countryflagsapi.com/PNG/KP",
    "Name": "South Korea,"
  },
  {
    "Code": "KR",
    "Image": "https://countryflagsapi.com/PNG/KR",
    "Name": "Korea, Republic of"
  },
  {
    "Code": "KW",
    "Image": "https://countryflagsapi.com/PNG/KW",
    "Name": "Kuwait"
  },
  {
    "Code": "KG",
    "Image": "https://countryflagsapi.com/PNG/KG",
    "Name": "Kyrgyzstan"
  },
  {
    "Code": "LV",
    "Image": "https://countryflagsapi.com/PNG/LV",
    "Name": "Latvia"
  },
  {
    "Code": "LB",
    "Image": "https://countryflagsapi.com/PNG/LB",
    "Name": "Lebanon"
  },
  {
    "Code": "LS",
    "Image": "https://countryflagsapi.com/PNG/LS",
    "Name": "Lesotho"
  },
  {
    "Code": "LR",
    "Image": "https://countryflagsapi.com/PNG/LR",
    "Name": "Liberia"
  },
  {
    "Code": "LY",
    "Image": "https://countryflagsapi.com/PNG/LY",
    "Name": "Libya"
  },
  {
    "Code": "LI",
    "Image": "https://countryflagsapi.com/PNG/LI",
    "Name": "Liechtenstein"
  },
  {
    "Code": "LT",
    "Image": "https://countryflagsapi.com/PNG/LT",
    "Name": "Lithuania"
  },
  {
    "Code": "LU",
    "Image": "https://countryflagsapi.com/PNG/LU",
    "Name": "Luxembourg"
  },
  {
    "Code": "MO",
    "Image": "https://countryflagsapi.com/PNG/MO",
    "Name": "Macao"
  },
  {
    "Code": "MK",
    "Image": "https://countryflagsapi.com/PNG/MK",
    "Name": "Macedonia"
  },
  {
    "Code": "MG",
    "Image": "https://countryflagsapi.com/PNG/MG",
    "Name": "Madagascar"
  },
  {
    "Code": "MW",
    "Image": "https://countryflagsapi.com/PNG/MW",
    "Name": "Malawi"
  },
  {
    "Code": "MY",
    "Image": "https://countryflagsapi.com/PNG/MY",
    "Name": "Malaysia"
  },
  {
    "Code": "MV",
    "Image": "https://countryflagsapi.com/PNG/MV",
    "Name": "Maldives"
  },
  {
    "Code": "ML",
    "Image": "https://countryflagsapi.com/PNG/ML",
    "Name": "Mali"
  },
  {
    "Code": "MT",
    "Image": "https://countryflagsapi.com/PNG/MT",
    "Name": "Malta"
  },
  {
    "Code": "MH",
    "Image": "https://countryflagsapi.com/PNG/MH",
    "Name": "Marshall Islands"
  },
  {
    "Code": "MQ",
    "Image": "https://countryflagsapi.com/PNG/MQ",
    "Name": "Martinique"
  },
  {
    "Code": "MR",
    "Image": "https://countryflagsapi.com/PNG/MR",
    "Name": "Mauritania"
  },
  {
    "Code": "MU",
    "Image": "https://countryflagsapi.com/PNG/MU",
    "Name": "Mauritius"
  },
  {
    "Code": "YT",
    "Image": "https://countryflagsapi.com/PNG/YT",
    "Name": "Mayotte"
  },
  {
    "Code": "MX",
    "Image": "https://countryflagsapi.com/PNG/MX",
    "Name": "Mexico"
  },
  {
    "Code": "MD",
    "Image": "https://countryflagsapi.com/PNG/MD",
    "Name": "Moldova, Republic of"
  },
  {
    "Code": "MC",
    "Image": "https://countryflagsapi.com/PNG/MC",
    "Name": "Monaco"
  },
  {
    "Code": "MN",
    "Image": "https://countryflagsapi.com/PNG/MN",
    "Name": "Mongolia"
  },
  {
    "Code": "ME",
    "Image": "https://countryflagsapi.com/PNG/ME",
    "Name": "Montenegro"
  },
  {
    "Code": "MS",
    "Image": "https://countryflagsapi.com/PNG/MS",
    "Name": "Montserrat"
  },
  {
    "Code": "MA",
    "Image": "https://countryflagsapi.com/PNG/MA",
    "Name": "Morocco"
  },
  {
    "Code": "MZ",
    "Image": "https://countryflagsapi.com/PNG/MZ",
    "Name": "Mozambique"
  },
  {
    "Code": "MM",
    "Image": "https://countryflagsapi.com/PNG/MM",
    "Name": "Myanmar"
  },
  {
    "Code": "NA",
    "Image": "https://countryflagsapi.com/PNG/NA",
    "Name": "Namibia"
  },
  {
    "Code": "NR",
    "Image": "https://countryflagsapi.com/PNG/NR",
    "Name": "Nauru"
  },
  {
    "Code": "NP",
    "Image": "https://countryflagsapi.com/PNG/NP",
    "Name": "Nepal"
  },
  {
    "Code": "NL",
    "Image": "https://countryflagsapi.com/PNG/NL",
    "Name": "Netherlands"
  },
  {
    "Code": "NC",
    "Image": "https://countryflagsapi.com/PNG/NC",
    "Name": "New Caledonia"
  },
  {
    "Code": "NZ",
    "Image": "https://countryflagsapi.com/PNG/NZ",
    "Name": "New Zealand"
  },
  {
    "Code": "NI",
    "Image": "https://countryflagsapi.com/PNG/NI",
    "Name": "Nicaragua"
  },
  {
    "Code": "NE",
    "Image": "https://countryflagsapi.com/PNG/NE",
    "Name": "Niger"
  },
  {
    "Code": "NG",
    "Image": "https://countryflagsapi.com/PNG/NG",
    "Name": "Nigeria"
  },
  {
    "Code": "NU",
    "Image": "https://countryflagsapi.com/PNG/NU",
    "Name": "Niue"
  },
  {
    "Code": "NF",
    "Image": "https://countryflagsapi.com/PNG/NF",
    "Name": "Norfolk Island"
  },
  {
    "Code": "MP",
    "Image": "https://countryflagsapi.com/PNG/MP",
    "Name": "Northern Mariana Islands"
  },
  {
    "Code": "NO",
    "Image": "https://countryflagsapi.com/PNG/NO",
    "Name": "Norway"
  },
  {
    "Code": "OM",
    "Image": "https://countryflagsapi.com/PNG/OM",
    "Name": "Oman"
  },
  {
    "Code": "PK",
    "Image": "https://countryflagsapi.com/PNG/PK",
    "Name": "Pakistan"
  },
  {
    "Code": "PW",
    "Image": "https://countryflagsapi.com/PNG/PW",
    "Name": "Palau"
  },
  {
    "Code": "PS",
    "Image": "https://countryflagsapi.com/PNG/PS",
    "Name": "Palestine, State of"
  },
  {
    "Code": "PA",
    "Image": "https://countryflagsapi.com/PNG/PA",
    "Name": "Panama"
  },
  {
    "Code": "PG",
    "Image": "https://countryflagsapi.com/PNG/PG",
    "Name": "Papua New Guinea"
  },
  {
    "Code": "PY",
    "Image": "https://countryflagsapi.com/PNG/PY",
    "Name": "Paraguay"
  },
  {
    "Code": "PE",
    "Image": "https://countryflagsapi.com/PNG/PE",
    "Name": "Peru"
  },
  {
    "Code": "PH",
    "Image": "https://countryflagsapi.com/PNG/PH",
    "Name": "Philippines"
  },
  {
    "Code": "PN",
    "Image": "https://countryflagsapi.com/PNG/PN",
    "Name": "Pitcairn"
  },
  {
    "Code": "PL",
    "Image": "https://countryflagsapi.com/PNG/PL",
    "Name": "Poland"
  },
  {
    "Code": "PT",
    "Image": "https://countryflagsapi.com/PNG/PT",
    "Name": "Portugal"
  },
  {
    "Code": "PR",
    "Image": "https://countryflagsapi.com/PNG/PR",
    "Name": "Puerto Rico"
  },
  {
    "Code": "QA",
    "Image": "https://countryflagsapi.com/PNG/QA",
    "Name": "Qatar"
  },
  {
    "Code": "RE",
    "Image": "https://countryflagsapi.com/PNG/RE",
    "Name": "R\u00e9union"
  },
  {
    "Code": "RO",
    "Image": "https://countryflagsapi.com/PNG/RO",
    "Name": "Romania"
  },
  {
    "Code": "RU",
    "Image": "https://countryflagsapi.com/PNG/RU",
    "Name": "Russian Federation"
  },
  {
    "Code": "RW",
    "Image": "https://countryflagsapi.com/PNG/RW",
    "Name": "Rwanda"
  },
  {
    "Code": "BL",
    "Image": "https://countryflagsapi.com/PNG/BL",
    "Name": "Saint Barth"
  },
  {
    "Code": "SH",
    "Image": "https://countryflagsapi.com/PNG/SH",
    "Name": "Saint Helena"
  },
  {
    "Code": "KN",
    "Image": "https://countryflagsapi.com/PNG/KN",
    "Name": "Saint Kitts and Nevis"
  },
  {
    "Code": "LC",
    "Image": "https://countryflagsapi.com/PNG/LC",
    "Name": "Saint Lucia"
  },
  {
    "Code": "MF",
    "Image": "https://countryflagsapi.com/PNG/MF",
    "Name": "Saint Martin (French part)"
  },
  {
    "Code": "PM",
    "Image": "https://countryflagsapi.com/PNG/PM",
    "Name": "Saint Pierre "
  },
  {
    "Code": "VC",
    "Image": "https://countryflagsapi.com/PNG/VC",
    "Name": "Saint Vincent "
  },
  {
    "Code": "WS",
    "Image": "https://countryflagsapi.com/PNG/WS",
    "Name": "Samoa"
  },
  {
    "Code": "SM",
    "Image": "https://countryflagsapi.com/PNG/SM",
    "Name": "San Marino"
  },
  {
    "Code": "ST",
    "Image": "https://countryflagsapi.com/PNG/ST",
    "Name": "Sao Tome and Principe"
  },
  {
    "Code": "SA",
    "Image": "https://countryflagsapi.com/PNG/SA",
    "Name": "Saudi Arabia"
  },
  {
    "Code": "SN",
    "Image": "https://countryflagsapi.com/PNG/SN",
    "Name": "Senegal"
  },
  {
    "Code": "RS",
    "Image": "https://countryflagsapi.com/PNG/RS",
    "Name": "Serbia"
  },
  {
    "Code": "SC",
    "Image": "https://countryflagsapi.com/PNG/SC",
    "Name": "Seychelles"
  },
  {
    "Code": "SL",
    "Image": "https://countryflagsapi.com/PNG/SL",
    "Name": "Sierra Leone"
  },
  {
    "Code": "SG",
    "Image": "https://countryflagsapi.com/PNG/SG",
    "Name": "Singapore"
  },
  {
    "Code": "SX",
    "Image": "https://countryflagsapi.com/PNG/SX",
    "Name": "Sint Maarten (Dutch part)"
  },
  {
    "Code": "SK",
    "Image": "https://countryflagsapi.com/PNG/SK",
    "Name": "Slovakia"
  },
  {
    "Code": "SI",
    "Image": "https://countryflagsapi.com/PNG/SI",
    "Name": "Slovenia"
  },
  {
    "Code": "SB",
    "Image": "https://countryflagsapi.com/PNG/SB",
    "Name": "Solomon Islands"
  },
  {
    "Code": "SO",
    "Image": "https://countryflagsapi.com/PNG/SO",
    "Name": "Somalia"
  },
  {
    "Code": "ZA",
    "Image": "https://countryflagsapi.com/PNG/ZA",
    "Name": "South Africa"
  },
  {
    "Code": "GS",
    "Image": "https://countryflagsapi.com/PNG/GS",
    "Name": "South Georgia "
  },
  {
    "Code": "SS",
    "Image": "https://countryflagsapi.com/PNG/SS",
    "Name": "South Sudan"
  },
  {
    "Code": "ES",
    "Image": "https://countryflagsapi.com/PNG/ES",
    "Name": "Spain"
  },
  {
    "Code": "LK",
    "Image": "https://countryflagsapi.com/PNG/LK",
    "Name": "Sri Lanka"
  },
  {
    "Code": "SD",
    "Image": "https://countryflagsapi.com/PNG/SD",
    "Name": "Sudan"
  },
  {
    "Code": "SR",
    "Image": "https://countryflagsapi.com/PNG/SR",
    "Name": "Suriname"
  },
  {
    "Code": "SJ",
    "Image": "https://countryflagsapi.com/PNG/SJ",
    "Name": "Svalbard and Jan Mayen"
  },
  {
    "Code": "SZ",
    "Image": "https://countryflagsapi.com/PNG/SZ",
    "Name": "Swaziland"
  },
  {
    "Code": "SE",
    "Image": "https://countryflagsapi.com/PNG/SE",
    "Name": "Sweden"
  },
  {
    "Code": "CH",
    "Image": "https://countryflagsapi.com/PNG/CH",
    "Name": "Switzerland"
  },
  {
    "Code": "SY",
    "Image": "https://countryflagsapi.com/PNG/SY",
    "Name": "Syrian Arab Republic"
  },
  {
    "Code": "TW",
    "Image": "https://countryflagsapi.com/PNG/TW",
    "Name": "Taiwan, Province of China"
  },
  {
    "Code": "TJ",
    "Image": "https://countryflagsapi.com/PNG/TJ",
    "Name": "Tajikistan"
  },
  {
    "Code": "TZ",
    "Image": "https://countryflagsapi.com/PNG/TZ",
    "Name": "Tanzania"
  },
  {
    "Code": "TH",
    "Image": "https://countryflagsapi.com/PNG/TH",
    "Name": "Thailand"
  },
  {
    "Code": "TL",
    "Image": "https://countryflagsapi.com/PNG/TL",
    "Name": "Timor-Leste"
  },
  {
    "Code": "TG",
    "Image": "https://countryflagsapi.com/PNG/TG",
    "Name": "Togo"
  },
  {
    "Code": "TK",
    "Image": "https://countryflagsapi.com/PNG/TK",
    "Name": "Tokelau"
  },
  {
    "Code": "TO",
    "Image": "https://countryflagsapi.com/PNG/TO",
    "Name": "Tonga"
  },
  {
    "Code": "TT",
    "Image": "https://countryflagsapi.com/PNG/TT",
    "Name": "Trinidad and Tobago"
  },
  {
    "Code": "TN",
    "Image": "https://countryflagsapi.com/PNG/TN",
    "Name": "Tunisia"
  },
  {
    "Code": "TR",
    "Image": "https://countryflagsapi.com/PNG/TR",
    "Name": "Turkey"
  },
  {
    "Code": "TM",
    "Image": "https://countryflagsapi.com/PNG/TM",
    "Name": "Turkmenistan"
  },
  {
    "Code": "TV",
    "Image": "https://countryflagsapi.com/PNG/TV",
    "Name": "Tuvalu"
  },
  {
    "Code": "UG",
    "Image": "https://countryflagsapi.com/PNG/UG",
    "Name": "Uganda"
  },
  {
    "Code": "UA",
    "Image": "https://countryflagsapi.com/PNG/UA",
    "Name": "Ukraine"
  },
  {
    "Code": "AE",
    "Image": "https://countryflagsapi.com/PNG/AE",
    "Name": "United Arab Emirates"
  },
  {
    "Code": "GB",
    "Image": "https://countryflagsapi.com/PNG/GB",
    "Name": "United Kingdom"
  },
  {
    "Code": "US",
    "Image": "https://countryflagsapi.com/PNG/US",
    "Name": "United States"
  },
  {
    "Code": "UM",
    "Image": "https://countryflagsapi.com/PNG/UM",
    "Name": "United States"
  },
  {
    "Code": "UY",
    "Image": "https://countryflagsapi.com/PNG/UY",
    "Name": "Uruguay"
  },
  {
    "Code": "UZ",
    "Image": "https://countryflagsapi.com/PNG/UZ",
    "Name": "Uzbekistan"
  },
  {
    "Code": "VU",
    "Image": "https://countryflagsapi.com/PNG/VU",
    "Name": "Vanuatu"
  },
  {
    "Code": "VE",
    "Image": "https://countryflagsapi.com/PNG/VE",
    "Name": "Venezuela"
  },
  {
    "Code": "VN",
    "Image": "https://countryflagsapi.com/PNG/VN",
    "Name": "Viet Nam"
  },
  {
    "Code": "VG",
    "Image": "https://countryflagsapi.com/PNG/VG",
    "Name": "Virgin Islands"
  },
  {
    "Code": "VI",
    "Image": "https://countryflagsapi.com/PNG/VI",
    "Name": "Virgin Islands, U.S."
  },
  {
    "Code": "WF",
    "Image": "https://countryflagsapi.com/PNG/WF",
    "Name": "Wallis and Futuna"
  },
  {
    "Code": "EH",
    "Image": "https://countryflagsapi.com/PNG/EH",
    "Name": "Western Sahara"
  },
  {
    "Code": "YE",
    "Image": "https://countryflagsapi.com/PNG/YE",
    "Name": "Yemen"
  },
  {
    "Code": "ZM",
    "Image": "https://countryflagsapi.com/PNG/ZM",
    "Name": "Zambia"
  },
  {
    "Code": "ZW",
    "Image": "https://countryflagsapi.com/PNG/ZW",
    "Name": "Zimbabwe"
  }
]
